slug,field,value,source
3-sons-bar-b-q-dune-allen-beach,Reservations,"[""No""]",https://www.3sonsbarbq.com/faq — we don’t offer reservations; sit where you like
87-central-square-seaside,Outdoor Dining,"[""Yes""]",https://seasidefl.com/dinings/87-central-square/ — outdoor casual venue with award-winning food
ajs-grayton-beach-grayton-beach,Happy Hour (drinks),"[""Yes""]","https://ajsgrayton.com/santa-rosa-beach-grayton-beach-aj-s-grayton-beach-happy-hours-specials — happy hour lists Bimini Bash, house wines, Crown and Down drinks, and draft beer"
ajs-grayton-beach-grayton-beach,Happy Hour (food),"[""Yes""]","https://ajsgrayton.com/santa-rosa-beach-grayton-beach-aj-s-grayton-beach-happy-hours-specials — Wednesday–Friday 3–6 p.m. happy hour includes a dozen raw, baked, or steamed oysters"
ajs-grayton-beach-grayton-beach,Live Music,"[""Yes""]",https://ajsgrayton.com/santa-rosa-beach-grayton-beach-aj-s-grayton-beach-events-and-music — calendar lists live music with Bryan Bludworth and Sunday live music
ajs-grayton-beach-grayton-beach,Outdoor Dining,"[""Yes""]",https://ajsgrayton.com/ — about text says the dining area is complemented by a lush outdoor patio and fire pit
ambrosia-watersound-origins,Outdoor Dining,"[""Yes""]",https://www.watersoundtowncenter.com/directory/ambrosia-prime-seafood-and-steaks/ — expansive outdoor patio
amici-30a-italian-kitchen-inlet-beach,Groups of 12,"[""Yes""]",https://amici30a.com/ — page says to email if an event or group is for 20 or more
amigos-30a-mexican-kitchen-inlet-beach,Groups of 12,"[""Yes""]",https://amigos30a.com/ — page says to email for events and groups of 20 or more
angelinas-pizzeria-and-pasta-seagrove-beach,Reservations,"[""No""]","https://angelinas30a.com/ — first come, first serve seating and does not accept reservations"
basmatis-asian-cuisine-blue-mountain-beach,Outdoor Dining,"[""Yes""]",https://basmatisthirtya.com/ — “Dine inside or outside on the lakeside porch”
basmatis-asian-cuisine-blue-mountain-beach,Reservations,"[""Yes""]",https://basmatisthirtya.com/ — “Reservations Recommended!” and “Book your Basmati’s 30A reservation on Resy”
beach-happy-cafe-seagrove-beach,Happy Hour (drinks),"[""Yes""]",https://www.beachhappycafe.com/seagrove/menu/ — Beach Happy Hour every day 11AM–6PM with $5 premium wells
big-bad-breakfast-inlet-beach,Outdoor Dining,"[""Yes""]",https://bigbadbreakfast.com/inlet-beach-fl/ — Inlet Beach page describes a pet-friendly outdoor dining area beside the pool
big-bad-breakfast-inlet-beach,Reservations,"[""No""]",https://bigbadbreakfast.com/inlet-beach-fl/ — Inlet Beach page says reservations are not accepted and seating is walk-in only
boggy-boys-pizza-seagrove-beach,Live Music,"[""Yes""]","https://www.boggyboyspizza.com/seagrove-live-music/ — live music at Seagrove Wednesday, Friday, and Saturday 6–9 PM"
borago-grayton-beach,Reservations,"[""Yes""]",https://boragorestaurant.com/ — page says the restaurant is primarily reservation based and reservations are by phone only
boxcar-annie-blue-mountain-beach,Happy Hour (drinks),"[""Yes""]",https://cowgirlkitchen.com/boxcar-annie/ — “best happy hour on 30a @ 3-6 pm” with “BOTTOMLESS MIMOSAS”
boxcar-annie-blue-mountain-beach,Happy Hour (food),"[""Yes""]",https://cowgirlkitchen.com/boxcar-annie/ — “best happy hour on 30a @ 3-6 pm” with “$5 TACOS”
boxcar-annie-blue-mountain-beach,Live Music,"[""Yes""]",https://cowgirlkitchen.com/boxcar-annie/ — “LIVE MUSIC” listed with the Blue Mountain Beach Boxcar Annie happy hour
bud-and-alleys-seaside,Outdoor Dining,"[""Yes""]",https://www.budandalleys.com/roof-deck/ — roof deck is a spot to savor cocktails and enjoy light bites
bud-and-alleys-seaside,Reservations,"[""Yes""]","https://www.budandalleys.com/ — We recommend booking in advance, especially for weekend evenings and sunset seating"
bud-and-alleys-seaside,Groups of 12,"[""Yes""]",https://www.budandalleys.com/special-events/ — Main Dining Room fits approximately 40 people
bud-and-alleys-taco-bar-seaside,Outdoor Dining,"[""Yes""]","https://seasidefl.com/dinings/taco-bar/ — snack bar offering tacos, margaritas, and outdoor seating"
cafe-tango-blue-mountain-beach,Reservations,"[""Yes""]","https://cafetango30-a.com/ — “Reservations are highly encouraged” and “RESERVATIONS REQUIRED… FOR DINNER RESERVATIONS, PLEASE CALL”"
cafe-thirty-a-seagrove-beach,Reservations,"[""Yes""]",https://cafethirtya.com/ — reservations required and call or book online
cafe-thirty-a-seagrove-beach,Groups of 12,"[""Yes""]",https://cafethirtya.com/parties — Fishbone Room for parties of 35 to 80
caliza-restaurant-alys-beach,Outdoor Dining,"[""Yes""]","https://alysbeach.com/amenities/caliza/ — casual American cuisine served in a relaxed, al fresco, poolside outdoor setting"
canopy-road-cafe-inlet-beach,Outdoor Dining,"[""Yes""]",https://www.canopyroadcafe.com/locations/all — all locations welcome guests on outdoor patio seating
canopy-road-cafe-inlet-beach,Reservations,"[""No""]","https://www.canopyroadcafe.com/locations/all — all locations, including the listed Inlet Beach store, are first-come, first-serve and do not take reservations"
canopy-road-cafe-inlet-beach,Groups of 12,"[""No""]",https://www.canopyroadcafe.com/locations/all — all locations say they cannot seat parties of 8 or greater
canopy-road-cafe-seagrove-beach,Outdoor Dining,"[""Yes""]",https://www.canopyroadcafe.com/locations/all — all locations welcome guests on outdoor patio seating
canopy-road-cafe-seagrove-beach,Reservations,"[""No""]","https://www.canopyroadcafe.com/locations/all — all locations, including Seagrove, are first-come and do not take reservations"
canopy-road-cafe-seagrove-beach,Groups of 12,"[""No""]",https://www.canopyroadcafe.com/locations/all — all locations cannot seat parties of 8 or greater
chanticleer-eatery-grayton-beach,Reservations,"[""Yes""]",https://www.chanticleereatery.com/ — homepage says to reserve your table
chiringo-grayton-beach,Outdoor Dining,"[""Yes""]",https://chiringograyton.com/private-events — venue options include outdoor areas and an open-air upstairs dining room where guests sit down to eat
chiringo-grayton-beach,Reservations,"[""No""]","https://chiringograyton.com/contact-us — page says they do not accept reservations and seat first-come, first-serve"
chiringo-grayton-beach,Groups of 12,"[""Yes""]",https://chiringograyton.com/private-events — upstairs dining room lists 50 sit-down and the whole venue lists 200+ sit-down
cowgirl-kitchen-blue-mountain-beach,Happy Hour (drinks),"[""Yes""]",https://cowgirlkitchen.com/ck-market-blue-mountain/ — “GRUMPY HOUR – 8-9 am daily $5 Bloody Mary | $5 Mimosa”
cowgirl-kitchen-rosemary-beach,Happy Hour (drinks),"[""Yes""]",https://cowgirlkitchenrosemary.com/ — Grumpy Hour from 8–9 AM with $5 cocktails
cowgirl-kitchen-rosemary-beach,Outdoor Dining,"[""Yes""]",https://cowgirlkitchenrosemary.com/ — outdoor patio dining at the Rosemary Beach location
cowgirl-kitchen-rosemary-beach,Reservations,"[""No""]","https://cowgirlkitchenrosemary.com/page/contact-us — we do not accept reservations and seat guests first-come, first-served at 54 Main St"
crackings-grayton-beach,Reservations,"[""No""]",https://www.crackingsfl.com/contact — contact page says they do not accept reservations
cuvee-30a-inlet-beach,Happy Hour (drinks),"[""Yes""]","https://cuvee30a.com/ — happy hour lists discounts on wine carafes, beer, craft cocktails, and martinis"
cuvee-30a-inlet-beach,Happy Hour (food),"[""Yes""]",https://cuvee30a.com/ — happy hour from 4–7 p.m. includes 25–50% off the food menu
cuvee-30a-inlet-beach,Live Music,"[""Yes""]",https://cuvee30a.com/ — about section says Cuvee features live music
cuvee-30a-inlet-beach,Outdoor Dining,"[""Yes""]",https://cuvee30a.com/cinco-de-mayo/ — page says guests can dine on the alfresco decks
cuvee-30a-inlet-beach,Reservations,"[""Yes""]","https://cuvee30a.com/reservations/ — page says to book a table online or call 850-909-0111, and links OpenTable"
cuvee-30a-inlet-beach,Groups of 12,"[""Yes""]",https://cuvee30a.com/reservations/ — cancellation policy says parties of 16 or more may require a deposit
edwards-fine-food-and-wine-rosemary-beach,Happy Hour (drinks),"[""Yes""]",https://edwards30a.com/drink-menu — Happy hour daily from 5-6 PM with select wines at $9
edwards-fine-food-and-wine-rosemary-beach,Live Music,"[""Yes""]",https://rosemarybeach.com/restaurants-in-rosemary-beach/edwards-fine-food-and-wine-in-rosemary-beach/ — live bands perform at the courtyard
edwards-fine-food-and-wine-rosemary-beach,Outdoor Dining,"[""Yes""]",https://edwards30a.com/events — courtyard seats approx. 40
edwards-fine-food-and-wine-rosemary-beach,Reservations,"[""No""]","https://edwards30a.com/faqs — we do not accept reservations; tables are first-come, first-served"
edwards-fine-food-and-wine-rosemary-beach,Groups of 12,"[""Yes""]","https://edwards30a.com/events — upstairs bar seats approx. 12, dining room approx. 22, courtyard approx. 40"
fish-out-of-water-watercolor,Happy Hour (drinks),"[""Yes""]",https://www.dinefish30a.com/events — happy hour includes “half-priced house wine” daily 2–4 PM
fish-out-of-water-watercolor,Happy Hour (food),"[""Yes""]",https://www.dinefish30a.com/events — happy hour includes “half-priced fresh raw oysters” and “a featured daily half-priced appetizer”
fish-out-of-water-watercolor,Live Music,"[""Yes""]",https://www.watercolorresort.com/dining/fish-out-of-water — “weekend brunch and live music offered seasonally”
fish-out-of-water-watercolor,Outdoor Dining,"[""Yes""]","https://www.dinefish30a.com/about-us — “Varied table options, booths, communal spaces, and the patio all boast Gulf views from every seat”"
fish-out-of-water-watercolor,Reservations,"[""No""]","https://www.dinefish30a.com/ — “we do not accept reservations. Dine-in service is available on a first-come, first-served basis.”"
fish-out-of-water-watercolor,Groups of 12,"[""Yes""]",https://www.dinefish30a.com/private-dining — “The Wine Room can host reservations for groups of up to 20 guests”
gallions-rosemary-beach,Outdoor Dining,"[""Yes""]",https://rosemarybeach.com/restaurants-in-rosemary-beach/gallions-in-rosemary-beach/ — Gallion’s features beautiful outdoor seating where you can eat
gallions-rosemary-beach,Reservations,"[""Yes""]","https://www.gallions30a.com/Gallions-Rosemary-Beach-Questions — Do you accept reservations? Yes, we do"
georges-at-alys-beach-alys-beach,Outdoor Dining,"[""Yes""]",https://georgesatalysbeach.com/about — dine on the screened porches or the covered or uncovered patio areas
georges-at-alys-beach-alys-beach,Reservations,"[""No""]","https://georgesatalysbeach.com/faqs — we do not accept reservations; seating is first-come, first-served"
georges-at-alys-beach-alys-beach,Groups of 12,"[""Yes""]","https://georgesatalysbeach.com/faqs — east porch 20-person max, west porch 30-person max, patio 60-person max"
grayton-seafood-co-grayton-beach,Reservations,"[""Yes""]",https://graytonseafood.com/ — page says to text 850-714-2155 to make a reservation
great-southern-cafe-seaside,Happy Hour (drinks),"[""Yes""]",https://www.thegreatsoutherncafe.com/wine-and-spirits — happy hour 3 to 5 p.m. half off cocktails and $5 30A Beach Blonde
havana-beach-bar-and-grill-rosemary-beach,Happy Hour (drinks),"[""Yes""]","https://www.thepearlrb.com/experience/special-events/hotel-events — Brunch Happy Hour with half-priced Bloody Marys, mimosas, and select house wines"
havana-beach-bar-and-grill-rosemary-beach,Live Music,"[""Yes""]",https://www.thepearlrb.com/experience/special-events/hotel-events — classics played live on the baby grand and live music on the Rooftop Bar
havana-beach-bar-and-grill-rosemary-beach,Outdoor Dining,"[""Yes""]",https://www.thepearlrb.com/dining — dine on the veranda or on the Rooftop
havana-beach-bar-and-grill-rosemary-beach,Reservations,"[""Yes""]",https://www.thepearlrb.com/faq — Havana Beach Bar & Grill: reservations recommended
hibiscus-cafe-grayton-beach,Outdoor Dining,"[""Yes""]",https://hibiscusflorida.com/about/ — page says guests can find a table for breakfast in the courtyard
hibiscus-cafe-grayton-beach,Groups of 12,"[""Yes""]",https://hibiscusflorida.com/about/ — Backyard of Love event space accommodates up to 75 guests for brunch and receptions
hurricane-oyster-bar-grayton-beach,Happy Hour (drinks),"[""Yes""]","http://hurricaneoyster.com/happy-hour/ — happy hour drink specials list draft, margaritas, wine, shots, and specialty cocktails"
hurricane-oyster-bar-grayton-beach,Happy Hour (food),"[""Yes""]","http://hurricaneoyster.com/happy-hour/ — 3–6 p.m. daily happy hour food lists sliders, quesadillas, empanadas, tacos, and pretzels"
hurricane-oyster-bar-grayton-beach,Reservations,"[""No""]","http://hurricaneoyster.com/ — homepage says seating is first come, first served"
idyll-hounds-proper-inlet-beach,Happy Hour (drinks),"[""Yes""]","https://www.idyllhoundproper.com/ — happy hour lists wine by the glass, select drafts, and specialty cocktails"
idyll-hounds-proper-inlet-beach,Happy Hour (food),"[""Yes""]",https://www.idyllhoundproper.com/ — daily 4–6 p.m. happy hour includes food selections such as the Proper burger and poke bowl
idyll-hounds-proper-inlet-beach,Live Music,"[""Yes""]",https://www.idyllhoundproper.com/ — weekend brunch lists live jazz from 11 a.m. to 2 p.m.
idyll-hounds-proper-inlet-beach,Outdoor Dining,"[""Yes""]",https://www.idyllhoundproper.com/pages/location — page says guests can grab a table on the covered patio
johnny-mctighes-irish-pub-dune-allen-beach,Happy Hour (drinks),"[""Yes""]","https://johnnymctighes.com/happy-hour — “Happy Hour Mon-sat 3pm to 6pm! Drink Specials,” including $3 drafts and $4 wells"
johnny-mctighes-irish-pub-dune-allen-beach,Outdoor Dining,"[""Yes""]",https://johnnymctighes.com/ — “Inside or outside dining available”
la-cocina-seacrest,Happy Hour (drinks),"[""Yes""]",https://laco30a.com/happy-hour — happy hour sips include $2 off the house margarita and discounts on wine and beer
la-cocina-seacrest,Happy Hour (food),"[""Yes""]","https://laco30a.com/happy-hour — happy hour bites include tacos, ceviche, and quesadilla, 3 to 5 p.m."
la-cocina-seacrest,Outdoor Dining,"[""Yes""]",https://laco30a.com/faqs — well-behaved dogs are welcome on our patio
la-cocina-seacrest,Reservations,"[""No""]","https://laco30a.com/faqs — we do not accept reservations; seating is first-come, first-served"
la-cocina-seacrest,Groups of 12,"[""Yes""]","https://laco30a.com/about — whether your party is 12 or 25, we can host your crew"
la-crema-tapas-and-chocolate-rosemary-beach,Outdoor Dining,"[""Yes""]",https://lacrematapas.com/story — guests can dine al fresco in the courtyard on Main Street
la-crema-tapas-and-chocolate-rosemary-beach,Reservations,"[""No""]","https://lacrematapas.com/faqs — we do not accept reservations; seating is first-come, first-served"
la-crema-tapas-and-chocolate-rosemary-beach,Groups of 12,"[""Yes""]","https://lacrematapas.com/faqs — if your group has more than 12 guests, we will seat you at separate tables"
local-cantina,Happy Hour (drinks),"[""Yes""]",https://www.localcantina.com/greenway-station — happy hour Monday–Friday 3–6 PM includes drink specials
local-cantina,Happy Hour (food),"[""Yes""]",https://www.localcantina.com/greenway-station — happy hour Monday–Friday 3–6 PM includes discounted apps
local-cantina,Live Music,"[""Yes""]",https://www.localcantina.com/greenway-station — live music every Thursday starting at 6 PM
local-cantina,Outdoor Dining,"[""Yes""]",https://www.localcantina.com/greenway-station — patio seating at Greenway Station
local-cantina,Reservations,"[""No""]","https://www.localcantina.com/greenway-station — first come, first served and does not take reservations"
lola-coastal-italian-seacrest,Reservations,"[""Yes""]",https://lolacoastalitalian.com/reservations — reserve your table for brunch at the Seacrest address
mimmos-30a-blue-mountain-beach,Happy Hour (drinks),"[""Yes""]","https://mimmos.com/bar-menu/ — Happy Hour Monday–Friday lists wine, cocktails, and “2 DOLLARS OFF ALL BEER”"
mimmos-30a-blue-mountain-beach,Happy Hour (food),"[""Yes""]","https://mimmos.com/bar-menu/ — Happy Hour Monday–Friday lists snacks including garlic rolls, ham & cheese roll, and 10-inch pizzas"
mimmos-30a-blue-mountain-beach,Reservations,"[""Yes""]","https://mimmos.com/contact-us/ — “Book ahead to reserve your table” via Resy, with a 30A Reservations link for 2700 W. County Hwy 30A"
neat-bottle-shop-and-tasting-room-alys-beach,Live Music,"[""Yes""]",https://alysbeach.com/merchants/ — live music on Tuesdays for Wine & Song (5-7PM)
neat-bottle-shop-and-tasting-room-alys-beach,Outdoor Dining,"[""Yes""]",https://alysbeach.com/merchants/ — NEAT Bottle Shop has outdoor café seating
o-ku-alys-beach,Reservations,"[""Yes""]",https://alysbeach.com/merchants/ — O-Ku at 27 Admiralty Row: reservations are highly encouraged through OpenTable
old-florida-fish-house-seagrove-beach,Live Music,"[""Yes""]",https://oldfloridafishhouse.com/special-events/ — Alex Napier live every Tuesday and Wednesday
old-florida-fish-house-seagrove-beach,Reservations,"[""Yes""]",https://oldfloridafishhouse.com/reservations/ — the best way to make reservations is online
papa-surf-burger-bar-gulf-place,Live Music,"[""Yes""]","https://papasurf.com/events-1 — “Upcoming Live Music + Events,” including “live music out back” and named bands"
papa-surf-burger-bar-gulf-place,Reservations,"[""No""]","https://papasurf.com/contact — “We do not take reservations. Restaurant is first-come, first-served.”"
pescado-seafood-grill-and-rooftop-bar-rosemary-beach,Outdoor Dining,"[""Yes""]",https://rooftop30a.com/ — the Rooftop Experience is dining above the Gulf
pescado-seafood-grill-and-rooftop-bar-rosemary-beach,Reservations,"[""Yes""]",https://www.rooftop30a.com/online-reservations — online reservations and phone reservations for this Rosemary Beach location
pescado-seafood-grill-and-rooftop-bar-rosemary-beach,Groups of 12,"[""Yes""]",https://www.rooftop30a.com/online-reservations — groups of 7–14 by phone and parties of 15+ for events
pizza-by-the-sea-gulf-place,Outdoor Dining,"[""Yes""]",https://pizzabythesea.com/gulf-place — “Featuring Outdoor Seating” on the Gulf Place location page
pizza-by-the-sea-seacrest,Outdoor Dining,"[""Yes""]",https://pizzabythesea.com/seacrest-beach — with outdoor seating at the Seacrest Beach location
pizza-by-the-sea-watercolor,Outdoor Dining,"[""Yes""]",https://pizzabythesea.com/watercolor — “With outdoor seating” and “Featuring Outdoor Seating” on the WaterColor location page
playa-bowls-rosemary-beach,Outdoor Dining,"[""Yes""]",https://rosemarybeach.com/restaurants-in-rosemary-beach/playa-bowls-in-rosemary-beach/ — this Rosemary Beach shop features an outdoor seating area for a meal
prema-organic-cafe-seagrove-beach,Outdoor Dining,"[""Yes""]",https://prema30a.com/ — dine inside or enjoy outdoor seating in Seagrove Beach
raw-and-juicy-alys-beach,Reservations,"[""Yes""]",https://alysbeach.com/merchants/ — reservations for dinner are highly encouraged through Toast at 147 West La Garza Lane
red-fish-taco-blue-mountain-beach,Live Music,"[""Yes""]","https://www.redfishtaco.com/events — live-music calendar listing bands such as Logan Bonds, Corey Hall Trio, and Casey Kearny Band"
red-fish-taco-blue-mountain-beach,Outdoor Dining,"[""Yes""]","https://www.redfishtaco.com/about — “Guests can dine indoors, enjoy the outdoor patio” and “dog-friendly outdoor seating”"
renaissance-french-restaurant-gulf-place,Reservations,"[""Yes""]",https://www.renaissancefrench.com/santarosa — “Reservations & Walk-ins. Book your table” and “We do accommodate reservations and walk ins.”
restaurant-paradis-rosemary-beach,Happy Hour (food),"[""Yes""]",https://rosemarybeach.com/restaurants-in-rosemary-beach/restaurant-paradis-in-rosemary-beach/ — Taste of Paradis happy hour with $10 off all entrees until 5:45pm
restaurant-paradis-rosemary-beach,Outdoor Dining,"[""Yes""]",http://mail.restaurantparadis.com/paradis-food.html — patio dining for an outdoor evening dining experience
restaurant-paradis-rosemary-beach,Reservations,"[""Yes""]","http://mail.restaurantparadis.com/paradis-contact.html — to make a reservation, call and leave the date, time, and party size; limited booking on OpenTable"
roux-30a-grayton-beach,Reservations,"[""Yes""]",https://www.roux30a.com/chefs-counter — page says guests can request Chef's Counter seating in their reservation notes
roux-30a-grayton-beach,Groups of 12,"[""Yes""]",https://www.roux30a.com/private-dining — private dining buyout is offered for up to 60 guests
scratch-biscuit-kitchen-watercolor,Reservations,"[""No""]",https://scratchbk.com — “We currently do not accept reservations in an effort to serve our guests more efficiently.”
seagrove-village-market-cafe-seagrove-beach,Outdoor Dining,"[""Yes""]",https://seagrovevillagemarket.com/ — seating indoors and outside on the patio
seagrove-village-market-cafe-seagrove-beach,Reservations,"[""Yes""]",https://seagrovevillagemarket.com/ — Resy book now for Seagrove Village Market Café
shades-bar-and-grill-inlet-beach,Happy Hour (drinks),"[""Yes""]","https://shades30a.com/happy-hour — weekday happy hour lists $7 cocktails, wine specials, and $3 Outlaw Lager"
shades-bar-and-grill-inlet-beach,Happy Hour (food),"[""Yes""]",https://shades30a.com/happy-hour — weekday 3–5 p.m. happy hour lists $1 off appetizers
shades-bar-and-grill-inlet-beach,Live Music,"[""Yes""]",https://shades30a.com/faqs — FAQ says they have live music on Wednesdays
shades-bar-and-grill-inlet-beach,Outdoor Dining,"[""Yes""]",https://shades30a.com/faqs — guests can request a table on the patio
shades-bar-and-grill-inlet-beach,Reservations,"[""No""]","https://shades30a.com/faqs — Inlet Beach FAQ says they do not accept reservations and seat first-come, first-served"
shaka-sushi-and-noodle-bar-inlet-beach,Happy Hour (drinks),"[""Yes""]","https://shaka30a.com/happy-hour-menu — happy hour lists beer, house wine, well liquor, rum punch, and a colada"
shaka-sushi-and-noodle-bar-inlet-beach,Happy Hour (food),"[""Yes""]",https://shaka30a.com/happy-hour-menu — daily 4–5 p.m. happy hour takes $2 off appetizers and $1 off sushi rolls
shaka-sushi-and-noodle-bar-inlet-beach,Outdoor Dining,"[""Yes""]",https://shaka30a.com/ — page says dogs are welcome on the covered patio
shaka-sushi-and-noodle-bar-inlet-beach,Reservations,"[""No""]","https://shaka30a.com/ — page says no reservations and seating is first come, first served"
shunk-gulley-oyster-bar-gulf-place,Live Music,"[""Yes""]",https://www.shunkgulley.com/ — “There is live music daily located inside the panoramic bar area”
shunk-gulley-oyster-bar-gulf-place,Outdoor Dining,"[""Yes""]",https://www.shunkgulley.com/faq — parties are seated in “our outdoor tented space that overlooks the Gulf”
shunk-gulley-oyster-bar-gulf-place,Reservations,"[""No""]","https://www.shunkgulley.com/faq — “We do not take reservations or call ahead for seating… first-come, first-serve restaurant”"
shunk-gulley-oyster-bar-gulf-place,Groups of 12,"[""Yes""]",https://www.shunkgulley.com/faq — “we can accommodate a maximum of 12 guests to a table”
stinkys-bait-shack-dune-allen-beach,Live Music,"[""Yes""]","https://www.stinkysbaitshop.com/ — cold beer, cocktails, and live music in Dune Allen Beach"
surfing-deer-seagrove-beach,Outdoor Dining,"[""Yes""]","https://surfingdeer.com/ — indoor, outdoor, and high-top bar dining"
surfing-deer-seagrove-beach,Reservations,"[""Yes""]",https://surfingdeer.com/ — book your Surfing Deer reservation on Resy
surfing-deer-seagrove-beach,Groups of 12,"[""Yes""]",https://surfingdeer.com/special-events/ — private gathering room seats up to 50 guests
tahona-tacos-and-tequileria-rosemary-beach,Reservations,"[""No""]",https://www.tahona30a.com/ — first come first serve and does not accept standard reservations
the-big-chill-watersound,Live Music,"[""Yes""]","https://thebigchill.com/event/live-music-on-stage-10-2026-01-31-2026-03-24/2026-10-06/ — live music on stage October 6, 2026 at 20 Hub Lane"
the-big-chill-watersound,Reservations,"[""No""]",https://thebigchill.com/faqs/ — no reservations are required; counter service with first come first serve seating
the-citizen-alys-beach,Happy Hour (drinks),"[""Yes""]",https://citizenalys.com/wp-content/uploads/2025/06/HAPPY-HOUR_SUMMER-2025.pdf — happy hour lists $10 cocktails plus beer and wine
the-citizen-alys-beach,Happy Hour (food),"[""Yes""]","https://citizenalys.com/wp-content/uploads/2025/06/HAPPY-HOUR_SUMMER-2025.pdf — oyster happy hour menu lists shrimp, fish dip, oysters, and other food"
the-citizen-alys-beach,Outdoor Dining,"[""Yes""]",https://citizenalys.com/ — walk-in seating includes the outdoor areas
the-citizen-alys-beach,Reservations,"[""Yes""]",https://citizenalys.com/ — now accepting reservations on Resy for this Alys Beach location
the-daytrader-tiki-bar-and-restaurant-seaside,Happy Hour (drinks),"[""Yes""]",https://www.daytradertiki.com/ — Martini Mondays weekly from 5pm to close
the-daytrader-tiki-bar-and-restaurant-seaside,Happy Hour (food),"[""Yes""]",https://seasidefl.com/news/fall-foods-dip-into-seasides-best-game-day-eats/ — Daytrader offers happy hour wings
the-daytrader-tiki-bar-and-restaurant-seaside,Reservations,"[""No""]","https://www.daytradertiki.com/ — Walk-in Only, no reservations"
the-perfect-pig-gulf-place,Happy Hour (drinks),"[""Yes""]","https://www.theperfectpig.com/location/gulf-place/ — “Happy Hour: $1 off domestic bottles $2 off well cocktails, select draft beers and signature cocktails $3 off house wines”"
the-perfect-pig-gulf-place,Reservations,"[""Yes""]",https://www.theperfectpig.com/location/gulf-place/ — “We offer takeout & reservations by phone!”
the-perfect-pig-seagrove-beach,Reservations,"[""Yes""]",https://www.theperfectpig.com/location/seagrove-beach/ — Seagrove offers dinner reservations by phone
the-perfect-pig-watercolor,Reservations,"[""Yes""]",https://www.theperfectpig.com/location/watercolor-way/ — “We offer takeout & accept reservations by phone!”
the-red-bar-grayton-beach,Live Music,"[""Yes""]",https://www.theredbar.com/about — about page calls The Red Bar a live music venue with performances from musicians
the-shrimp-shack-seaside,Happy Hour (drinks),"[""Yes""]",https://seasidefl.com/news/pickles-sandbar-and-shrimp-shacks-boardwalk-bar-summer-changes/ — Boardwalk Bar happy hour includes discounted beer and wine
the-shrimp-shack-seaside,Happy Hour (food),"[""Yes""]",https://seasidefl.com/news/pickles-sandbar-and-shrimp-shacks-boardwalk-bar-summer-changes/ — Boardwalk Bar happy hour includes discounted raw oysters
the-shrimp-shack-seaside,Outdoor Dining,"[""Yes""]",https://seasidefl.com/dinings/the-shrimp-shack/ — enjoy the food and drinks while being served Gulf side at the Boardwalk Bar
the-wine-bar-watercolor,Happy Hour (drinks),"[""Yes""]","https://www.thewinebarfl.com/the-wine-bar-watercolor-on-30a — “daily happy hour special, a carafe for the price of a large glass (11am - 6pm)”"
the-wine-bar-watercolor,Outdoor Dining,"[""Yes""]",https://www.thewinebarfl.com/the-wine-bar-watercolor-on-30a — “dinner on our spacious patios or immaculate dining room”
village-market-cafe-bar-watersound-origins,Happy Hour (drinks),"[""Yes""]","https://watersoundvillagemarket.com/happy-hour-fall-winter/ — happy hour lists beer, wine, cocktails, and well pours at special prices"
village-market-cafe-bar-watersound-origins,Happy Hour (food),"[""Yes""]","https://watersoundvillagemarket.com/happy-hour-fall-winter/ — happy hour menu lists gumbo, Caesar salad, fried okra, and chips"
village-market-cafe-bar-watersound-origins,Outdoor Dining,"[""Yes""]",https://watersoundvillagemarket.com/our-story/ — wrap-around porch and an outdoor patio area
redds-pub,Happy Hour (drinks),"[""Yes""]",https://reddspub.com/ufaq/redds-hours/ — Happy Hour 4-5pm Tuesday through Saturday
redds-pub,Live Music,"[""Yes""]",https://reddspub.com/menu-page/ — Live Music Fridays
redds-pub,Reservations,"[""Yes""]",https://reddspub.com/menu-page/ — reservations recommended for parties of four or more
redds-pub,Kid Friendly,"[""Yes""]",https://reddspub.com/menu-page/ — family-friendly dinner spot
down-island-gulf-seafood,Happy Hour (drinks),"[""Yes""]",https://downislandsrb.com/ — Happy Hour 3 to 5pm Tuesday through Saturday
down-island-gulf-seafood,Happy Hour (food),"[""Yes""]",https://downislandsrb.com/ — happy hour featuring a limited menu
down-island-gulf-seafood,Live Music,"[""Yes""]",https://downislandsrb.com/contact-us — live music booking contact for performances at the restaurant
down-island-gulf-seafood,Kid Friendly,"[""Yes""]",https://business.waltonareachamber.com/list/member/down-island-gulf-seafood-restaurant-down-island-llc-41817 — casual and family-friendly
down-island-gulf-seafood,Reservations,"[""Yes""]",https://www.opentable.com/r/down-island-srb-santa-rosa-beach — OpenTable reservation page for Down Island
98-bar-b-que,Groups of 12,"[""Yes""]",https://98bbq.com/ — can take large parties most anytime
don-pedros-mexican-restaurant,Kid Friendly,"[""Yes""]",https://www.donpedrosmexican.com/menu — menu includes a Kids Menu
thai-chiang-rai,Reservations,"[""Yes""]",https://www.opentable.com/r/thai-chiang-rai-restaurant-santa-rosa-beach — OpenTable reservation page
thai-elephant,Reservations,"[""Yes""]",https://www.thaielephantsrbfl.com/ — reservation link is the restaurant phone number
stock-and-brew-cafe,Happy Hour (drinks),"[""Yes""]","https://www.stockandbrew.com/ — happy hour offerings list wine, sangria, and mimosas"
stock-and-brew-cafe,Happy Hour (food),"[""Yes""]",https://www.stockandbrew.com/ — $1 off happy hour food from 1 to 3pm
