"ID","Created Date","Updated Date","Owner","area_name","Location (Item)","area_slug","restaurant_count","description","map_hotspot_id","hero_image_url","Location Image","EXPLORE (NAME)","VideoURL","Publish Date","Unpublish Date","Status"
"1621d2d2-8b52-4139-bec2-5a31f940f0d8",2026-04-19T19:58:16Z,2026-05-03T02:39:39Z,"de29ed44-ed1b-41d4-b93d-94f3e3c2dc4d","INLET BEACH","/location/inlet-beach","inlet-beach",14,"Trendy, up-and-coming, and close to the action.

","inlet-beach",,"wix:image://v1/de29ed_d11419477d3a4cc8abc868c5abbdef5a~mv2.jpg/inlet%20beach.jpg#originWidth=1293&originHeight=860","Explore Inlet Beach →","https://www.youtube.com/watch?v=-DZjV2PiQSI",2026-04-19T19:58:16Z,,"PUBLISHED"
"1bc6162e-82d0-41fa-a9a7-3d467e28e4d1",2026-04-19T19:58:16Z,2026-05-03T01:53:35Z,"de29ed44-ed1b-41d4-b93d-94f3e3c2dc4d","GULF PLACE","/location/gulf-place","gulf-place",8,"A vibrant hub on the west end of 30A with colorful architecture, local shops, live music, and easy beach access.","gulf-place",,"wix:image://v1/de29ed_eae4b4b4e89c453d8a67a90eab88552a~mv2.jpg/gulf%20place.jpg#originWidth=900&originHeight=600","Explore Gulf Place →","https://www.youtube.com/@EatingOn30A",2026-04-19T19:58:16Z,,"PUBLISHED"
"2c634ead-e98a-41d6-97ab-f36330a00cbf",2026-04-19T19:58:16Z,2026-05-03T01:53:38Z,"de29ed44-ed1b-41d4-b93d-94f3e3c2dc4d","WATERCOLOR","/location/watercolor","watercolor",9,"Upscale and family-friendly with beautiful beaches and scenic trails.

","watercolor",,"wix:image://v1/de29ed_bc93553801d640c0b57627b763df64b6~mv2.jpg/watercolor.jpg#originWidth=1001&originHeight=670","Explore WaterColor →","https://www.youtube.com/@EatingOn30A",2026-04-19T19:58:16Z,,"PUBLISHED"
"55aad854-81ca-4bd7-af6f-b52ae3164a5b",2026-04-19T19:58:16Z,2026-05-01T21:55:39Z,"de29ed44-ed1b-41d4-b93d-94f3e3c2dc4d","SEAGROVE","/location/seagrove-beach","seagrove-beach",13,"A laid-back, tree-lined beach community with a mix of old Florida charm and modern coastal living.

","seagrove-beach",,"wix:image://v1/de29ed_f033c0318f90442e8e45d9c98635f745~mv2.jpg/seagrove%20beach.jpg#originWidth=1198&originHeight=860","Explore Seagrove →","https://www.youtube.com/watch?v=f1MTvVzUPKs",2026-04-19T19:58:16Z,,"PUBLISHED"
"58fdd1d3-cb78-4232-b9fc-25dfda4ea130",2026-04-19T19:58:16Z,2026-05-03T01:53:51Z,"de29ed44-ed1b-41d4-b93d-94f3e3c2dc4d","SEACREST","/location/seacrest","seacrest",4,"A peaceful retreat with sugar-white sands and easy access to fun.

","seacrest",,"wix:image://v1/de29ed_3729645be8c74e1e94846037e3096436~mv2.jpg/seacrest.jpg#originWidth=480&originHeight=360","Explore Seacrest →","https://www.youtube.com/watch?v=dpXHiYKCcBs",2026-04-19T19:58:16Z,,"PUBLISHED"
"75c4608a-532b-44a7-b20e-eacbc38623e4",2026-04-19T19:58:16Z,2026-05-03T01:53:37Z,"de29ed44-ed1b-41d4-b93d-94f3e3c2dc4d","GRAYTON","/location/grayton-beach","grayton-beach",7,"A laid-back, artsy beach town with pristine beaches and local flavor.

","grayton-beach",,"wix:image://v1/de29ed_a9ea3f98c2d34bcaa531ed557eff0d31~mv2.jpg/grayton.jpg#originWidth=1375&originHeight=860","Explore Grayton →","https://www.youtube.com/@EatingOn30A",2026-04-19T19:58:16Z,,"PUBLISHED"
"80fd3be7-bf34-48c7-bfbb-33b59c3d89d8",2026-04-19T19:58:16Z,2026-05-03T01:53:35Z,"de29ed44-ed1b-41d4-b93d-94f3e3c2dc4d","DUNE ALLEN","/location/dune-allen-beach","dune-allen-beach",7,"Explore the full stretch of 30A, from laid-back beach towns to vibrant coastal communities, all in one place.","dune-allen-beach",,"wix:image://v1/de29ed_b3b04e935e6e42aba727fc0541790055~mv2.jpg/dune%20allen.jpg#originWidth=768&originHeight=432","Explore Dune Allen →","https://www.youtube.com/@EatingOn30A",2026-04-19T19:58:16Z,,"PUBLISHED"
"9fcb19d1-b3a1-4b7c-b589-da919e1c2cb3",2026-04-19T19:58:16Z,2026-05-01T21:55:39Z,"de29ed44-ed1b-41d4-b93d-94f3e3c2dc4d","SEASIDE","/location/seaside","seaside",19,"The iconic heart of 30A. Charming, walkable, and full of coastal character.

","seaside",,"wix:image://v1/de29ed_36620ca1f57f4406ad00476bb2bf7104~mv2.jpg/seaside.jpg#originWidth=1024&originHeight=1280","Explore Seaside →","https://www.youtube.com/watch?v=f1MTvVzUPKs",2026-04-19T19:58:16Z,,"PUBLISHED"
"c1022877-5a3b-49c7-9ee6-329941c20353",2026-04-19T19:58:16Z,2026-05-02T21:54:26Z,"de29ed44-ed1b-41d4-b93d-94f3e3c2dc4d","ROSEMARY","/location/rosemary-beach","rosemary-beach",17,"European-inspired charm with cobblestone streets and a vibrant atmosphere.

","rosemary-beach",,"wix:image://v1/de29ed_6547f451f1724414a1818e5363af6527~mv2.jpg/rosemary.jpg#originWidth=1290&originHeight=860","Explore Rosemary →","https://www.youtube.com/watch?v=dpXHiYKCcBs",2026-04-19T19:58:16Z,,"PUBLISHED"
"d3bf8bb9-4768-4b1e-bda0-633811195c05",2026-04-19T19:58:16Z,2026-05-03T01:53:35Z,"de29ed44-ed1b-41d4-b93d-94f3e3c2dc4d","BLUE MOUNTAIN","/location/blue-mountain-beach","blue-mountain-beach",8,"A relaxed beach town with local eats and a friendly community.

","blue-mountain-beach",,"wix:image://v1/de29ed_b5793e285dad435a9cbc6ea79e17e468~mv2.jpg/blue%20mountain%20beach.jpg#originWidth=1024&originHeight=1535","Explore Blue Mountain →","https://www.youtube.com/@EatingOn30A",2026-04-19T19:58:16Z,,"PUBLISHED"
"e1a61642-b7a7-4088-8d62-16ec1f9e75c5",2026-04-19T19:58:16Z,2026-05-02T21:21:22Z,"de29ed44-ed1b-41d4-b93d-94f3e3c2dc4d","ALYS BEACH","/location/alys-beach","alys-beach",6,"Striking architecture, upscale shopping, and a peaceful beachfront vibe.

","alys-beach",,"wix:image://v1/de29ed_3f0f4d942a8245418ed6960c0602630b~mv2.jpg/alys%20beach.jpg#originWidth=1000&originHeight=666","Explore Alys Beach →","https://www.youtube.com/watch?v=uambJwKkMyo",2026-04-19T19:58:16Z,,"PUBLISHED"
"fea3c198-671b-4433-a3d0-25b449339b00",2026-04-29T01:04:33Z,2026-05-03T01:53:30Z,"de29ed44-ed1b-41d4-b93d-94f3e3c2dc4d","ALL OF 30A","/location/all-of-30a","30a",,"Explore the full stretch of 30A, from laid-back beach towns to vibrant coastal communities, all in one place.

","all-of-30a",,"wix:image://v1/de29ed_1473adbe1b4b4c068a746d2bd7c0fc46~mv2.jpg/30a.jpg#originWidth=1920&originHeight=1080","Explore All of 30A →","https://www.youtube.com/@EatingOn30A",2026-04-29T01:04:01Z,,"PUBLISHED"
"","","","","WATERSOUND","/location/watersound","watersound","","A beach stretch east of Seagrove, with casual dining along County Highway 30A.","watersound","","/images/areas/watersound.jpg","Explore Watersound →","","","","PUBLISHED"
"","","","","WATERSOUND ORIGINS","/location/watersound-origins","watersound-origins","","An inland town center north of 30A, with everyday restaurants around the square.","watersound-origins","","/images/areas/watersound-origins.jpg","Explore Watersound Origins →","","","","PUBLISHED"
